{"cameraMode":{"drawMode":0,"name":"Shaded","section":"Shading Mode"},"sceneLighting":true,"audioPlay":false,"sceneViewState":{"m_AlwaysRefresh":false,"showFog":true,"showSkybox":true,"showFlares":true,"showImageEffects":true,"showParticleSystems":true,"showVisualEffectGraphs":true,"m_FxEnabled":true},"in2DMode":false,"pivot":{"x":0.5012539625167847,"y":2.459183931350708,"z":1.2027469873428345},"rotation":{"x":-0.07954155653715134,"y":0.9140777587890625,"z":-0.33191412687301638,"w":-0.21904325485229493},"size":0.07822198420763016,"orthographic":false}