{"cameraMode":{"drawMode":0,"name":"Shaded","section":"Shading Mode"},"sceneLighting":true,"audioPlay":false,"sceneViewState":{"m_AlwaysRefresh":false,"showFog":true,"showSkybox":false,"showFlares":true,"showImageEffects":true,"showParticleSystems":true,"showVisualEffectGraphs":true,"m_FxEnabled":true},"in2DMode":false,"pivot":{"x":-0.3891937732696533,"y":1.4564605951309205,"z":-13.835012435913086},"rotation":{"x":0.04428257420659065,"y":-0.6847459673881531,"z":0.04175034537911415,"w":0.7262381911277771},"size":1.3013242483139039,"orthographic":false}